<?xml version="1.0" encoding="utf-8"?>
<modification>
	<name>Admin-Login to add verification code check</name>
	<code>AdminRecaptcha</code>
	<version>v1.0.0.4 Apply to OPENCART3.0.2.0</version>
	<link></link>
	<email>suffixbig@gmail.com</email>
	<author>suffixbig</author>
<!--註解
2.3=> 3.0改 3個變數名稱完全不一樣
google_captcha_status=>captcha_google_status 2處
google_captcha_key=>captcha_google_key
google_captcha_secret=>captcha_google_secret
-->
    <file path="admin/controller/common/login.php">
        <operation info="Adding sitekey in controller">
            <search><![CDATA[$data['header'] = $this->load->controller('common/header');]]></search>
            <add position="before"><![CDATA[
$data['site_key'] = '';            
if ($this->config->get('captcha_google_status')) {
			$this->document->addScript('https://www.google.com/recaptcha/api.js');
			$data['site_key'] = $this->config->get('captcha_google_key');
} 
		]]></add>
        </operation>
        <operation info="adding Error Text">
            <search><![CDATA[if (isset($this->session->data['success'])) {]]></search>
            <add position="before"><![CDATA[if (isset($this->error['captcha'])) {
			$data['error_captcha'] = $this->error['captcha'];
		} else {
			$data['error_captcha'] = '';
		}
]]></add>
        </operation>
        <operation info="Adding Validation">
            <search><![CDATA[protected function validate() {]]></search>
            <add position="after"><![CDATA[
        if ($this->config->get('captcha_google_status')) {
                $this->load->language('extension/captcha/google_captcha');

                $recaptcha = file_get_contents('https://www.google.com/recaptcha/api/siteverify?secret=' . urlencode($this->config->get('captcha_google_secret')) . '&response=' . $this->request->post['g-recaptcha-response'] . '&remoteip=' . $this->request->server['REMOTE_ADDR']);
        
                $recaptcha = json_decode($recaptcha, true);
        
                if ($recaptcha['success']) {
                    $this->session->data['gcapcha']	= true;
                } else {
                    $this->error['captcha'] = $this->language->get('error_captcha');
					return !$this->error;
                }
		}
        ]]></add>
        </operation>
    </file>
    <file path="admin/language/en-gb/common/login.php">
        <operation>
            <search><![CDATA[$_['button_login']   = 'Login';]]></search>
            <add position="after"><![CDATA[
            $_['entry_captcha']  = 'Enter the code in the box below';
            $_['error_captcha']  = 'Image verification failed, please re-verify';
            ]]></add>
        </operation>
    </file>
    <file path="admin/view/template/common/login.twig">
        <operation info="Adding the Captcha Box in template">
            <search><![CDATA[<div class="text-right">]]></search>
            <add position="before"><![CDATA[
{% if site_key %}
            <div class="form-group" align="center">
                <div class="g-recaptcha" data-sitekey="{{ site_key }}"></div>
                {% if error_captcha %}
                  <div class="text-danger">{{ error_captcha }}</div>
                {% endif %}
            </div>
{% endif %}
]]></add>
        </operation>
    </file>
</modification>